<?xml version="1.0"?>
<!--
/**
 * NOTICE OF LICENSE
 *
 * This source file is subject to the Open Software License (OSL 3.0)
 * that is bundled with this package in the file LICENSE.txt.
 * It is also available through the world-wide-web at this URL:
 * http://opensource.org/licenses/osl-3.0.php
 *
 * @category   Soczed
 * @package    Soczed_Less
 * @copyright  Copyright (c) 2012 Soczed <magento@soczed.com> (Benoît Leulliette <benoit@soczed.com>)
 * @license    http://opensource.org/licenses/osl-3.0.php  Open Software License (OSL 3.0)
 */
-->
<config>
    <modules>
        <IcoTheme_Less>
            <active>true</active>
            <codePool>local</codePool>
        </IcoTheme_Less>
    </modules>
</config>
