<?xml version="1.0"?>
<!--
/**
 * @copyright   Copyright (C) 2015 IcoTheme.com. All Rights Reserved.
 */
-->
<config>
    <tabs>
        <ico translate="label" module="icosearch">
            <label>ICO EXTENSIONS</label>
            <sort_order>150</sort_order>
        </ico>
    </tabs>
    <sections>
        <icosearch>
            <label>IcoTheme Search (v.1.0.0)</label>
            <tab>ico</tab>
            <frontend_type>text</frontend_type>
            <sort_order>1</sort_order>
            <show_in_default>1</show_in_default>
            <show_in_website>1</show_in_website>
            <show_in_store>1</show_in_store>
            <groups>
                <general translate="label">
                    <label>General</label>
                    <frontend_type>text</frontend_type>
                    <sort_order>0</sort_order>
                    <show_in_default>1</show_in_default>
                    <show_in_website>1</show_in_website>
                    <show_in_store>1</show_in_store>
                    <fields>
                        <enable translate="label comment">
                            <label>Enable Advanced Search</label>
                            <frontend_type>select</frontend_type>
                            <source_model>adminhtml/system_config_source_yesno</source_model>
                            <sort_order>0</sort_order>
                            <show_in_default>1</show_in_default>
                            <show_in_website>1</show_in_website>
                            <show_in_store>1</show_in_store>
                        </enable>
                    </fields>
                </general>
            </groups>
        </icosearch>
    </sections>
</config>
