<?xml version="1.0"?>
<!--
/**
 * @copyright    Copyright (C) 2015 IcoTheme.com. All Rights Reserved.
 */
 -->
<config>
    <acl>
        <resources>
            <all>
                <title>Allow Everything</title>
            </all>
            <admin>
                <children>
                    <system>
                        <children>
                            <config>
                                <children>
                                    <nletter>
                                        <title>Review</title>
                                    </nletter>
                                </children>
                            </config>
                        </children>
                    </system>
                </children>
            </admin>
        </resources>
    </acl>
</config>