<?xml version="1.0"?>
<!--
/**
 * @Copyright (C) 2015 IcoTheme.com. All Rights Reserved.
 */
-->
<config>
    <tabs>
        <ico translate="label" module="ajaxproducts">
            <label>ICO EXTENSIONS</label>
            <sort_order>150</sort_order>
        </ico>
    </tabs>
    <sections>
    <ajaxproducts translate="label" module="ajaxproducts">
	    <label>Ajax Products (v.1.0.0)</label>
	    <tab>ico</tab>
	    <sort_order>130</sort_order>
	    <show_in_default>1</show_in_default>
	    <show_in_website>1</show_in_website>
	    <show_in_store>1</show_in_store>
	    <groups>
			<config translate="label">
			    <label>General</label>
			    <frontend_type>text</frontend_type>
			    <sort_order>1</sort_order>
			    <show_in_default>1</show_in_default>
			    <show_in_website>1</show_in_website>
			    <show_in_store>1</show_in_store>
			    <fields>
					<enable translate="label">
                        <label>Enable Ajax Add to cart </label>
                        <frontend_type>select</frontend_type>
                        <source_model>adminhtml/system_config_source_yesno</source_model>
                        <sort_order>10</sort_order>
                        <show_in_default>1</show_in_default>
                        <show_in_website>1</show_in_website>
                        <show_in_store>1</show_in_store>
                    </enable>
					<enable_quickview translate="label">
                        <label>Enable Quickview </label>
                        <frontend_type>select</frontend_type>
                        <source_model>adminhtml/system_config_source_yesno</source_model>
                        <sort_order>20</sort_order>
                        <show_in_default>1</show_in_default>
                        <show_in_website>1</show_in_website>
                        <show_in_store>1</show_in_store>
                    </enable_quickview>
			    </fields> 
			</config>
	    </groups>
	</ajaxproducts>
    </sections>
</config>