<?xml version="1.0"?>
<!--
/**
 * Magento
 *
 * NOTICE OF LICENSE
 *
 * This source file is subject to the Academic Free License (AFL 3.0)
 * that is bundled with this package in the file LICENSE_AFL.txt.
 * It is also available through the world-wide-web at this URL:
 * http://opensource.org/licenses/afl-3.0.php
 * If you did not receive a copy of the license and are unable to
 * obtain it through the world-wide-web, please send an email
 * to license@magentocommerce.com so we can send you a copy immediately.
 *
 * DISCLAIMER
 *
 * Do not edit or add to this file if you wish to upgrade Magento to newer
 * versions in the future. If you wish to customize Magento for your
 * needs please refer to http://www.magentocommerce.com for more information.
 *
 * @category    design
 * @package     default_default
 * @copyright   Copyright (c) 2012 Magento Inc. (http://www.magentocommerce.com)
 * @license     http://opensource.org/licenses/afl-3.0.php  Academic Free License (AFL 3.0)
 */
-->
<widgets>
     <widgetproducts>
     	<parameters>
     		<template translate="label">
                <label>Template</label>
                <visible>1</visible>
                <type>select</type>
                <values> 
                    <productslist translate="label">
                        <value>icotheme/widgetproducts/products.phtml</value>
                        <label>Products</label>
                    </productslist>
					<latest translate="label">
                        <value>icotheme/widgetproducts/latest-product.phtml</value>
                        <label>Latest</label>
                    </latest>
					<upsell translate="label">
                        <value>icotheme/widgetproducts/product-upsell.phtml</value>
                        <label>Product upsell</label>
                    </upsell>
					<related translate="label">
                        <value>icotheme/widgetproducts/related.phtml</value>
                        <label>Related Products</label>
                    </related>
					<bestseller translate="label">
                        <value>icotheme/widgetproducts/bestseller.phtml</value>
                        <label>Best Seller Products</label>
                    </bestseller>
                    <products_toprate translate="label">
                        <value>icotheme/widgetproducts/products_toprate.phtml</value>
                        <label>Top Rate Products</label>
                    </products_toprate>
                    <deal_product translate="label">
                        <value>icotheme/widgetproducts/deal.phtml</value>
                        <label>Deal</label>
                    </deal_product>
                    <tab translate="label">
                        <value>icotheme/widgetproducts/tab.phtml</value>
                        <label>Tab</label>
                    </tab>
                </values>
            </template>
     	</parameters>
     </widgetproducts>
    <widgetblocks>
        <parameters>
            <template translate="label">
                <label>Template</label>
                <visible>1</visible>
                <type>select</type>
                <values>
                    <block translate="label">
                        <value>icotheme/widgetblocks/block.phtml</value>
                        <label>Block</label>
                    </block>
                    <slide translate="label">
                        <value>icotheme/widgetblocks/slide.phtml</value>
                        <label>Slide</label>
                    </slide>
                </values>
            </template>
        </parameters>
    </widgetblocks>
    <widgetblog>
        <parameters>
            <template translate="label">
                <label>Template</label>
                <visible>1</visible>
                <type>select</type>
                <values>
                    <blog translate="label">
                        <value>icotheme/widgetblog/blog.phtml</value>
                        <label>Blog</label>
                    </blog>
                </values>
            </template>
        </parameters>
    </widgetblog>
    <brands>
        <parameters>
            <template translate="label">
                <label>Template</label>
                <visible>1</visible>
                <type>select</type>
                <values>
                    <blog translate="label">
                        <value>icotheme/brands/brands.phtml</value>
                        <label>Brands</label>
                    </blog>
                </values>
            </template>
        </parameters>
    </brands>
</widgets>
