<root><widgets><instance><title><![CDATA[Home Slider]]></title><instance_type>widgetblocks/widget</instance_type><package_theme>puro/default</package_theme><widget_parameters><![CDATA[a:13:{s:12:"widget_title";s:0:"";s:5:"cache";s:5:"86400";s:7:"classes";s:10:"slide-home";s:9:"block_ids";a:3:{i:0;s:14:"home-slider-01";i:1;s:14:"home-slider-02";i:2;s:14:"home-slider-03";}s:8:"block_lg";s:53:"home-slider-01,4,|home-slider-02,4,|home-slider-03,4,";s:8:"block_md";s:53:"home-slider-01,4,|home-slider-02,4,|home-slider-03,4,";s:8:"block_sm";s:53:"home-slider-01,4,|home-slider-02,4,|home-slider-03,4,";s:8:"block_xs";s:53:"home-slider-01,4,|home-slider-02,4,|home-slider-03,4,";s:6:"scroll";s:1:"1";s:8:"autoplay";s:0:"";s:6:"paging";s:1:"1";s:10:"navigation";s:1:"0";s:6:"column";s:1:"1";}]]></widget_parameters><sort_order>0</sort_order><page><group>pages</group><layout_handle>cms_index_index</layout_handle><block_reference>top.container</block_reference><for>all</for><entities></entities><template>icotheme/widgetblocks/slide.phtml</template><area>frontend</area><package>puro</package><theme>default</theme></page><xml><![CDATA[<reference name="top.container"><block type="widgetblocks/widget" name="1bc8744aff2287db3e217e99b1713d1b" template="icotheme/widgetblocks/slide.phtml"><action method="setData"><name>cache</name><value>86400</value></action><action method="setData"><name>classes</name><value>slide-home</value></action><action method="setData"><name>block_ids</name><value>home-slider-01,home-slider-02,home-slider-03</value></action><action method="setData"><name>block_lg</name><value>home-slider-01,4,|home-slider-02,4,|home-slider-03,4,</value></action><action method="setData"><name>block_md</name><value>home-slider-01,4,|home-slider-02,4,|home-slider-03,4,</value></action><action method="setData"><name>block_sm</name><value>home-slider-01,4,|home-slider-02,4,|home-slider-03,4,</value></action><action method="setData"><name>block_xs</name><value>home-slider-01,4,|home-slider-02,4,|home-slider-03,4,</value></action><action method="setData"><name>scroll</name><value>1</value></action><action method="setData"><name>paging</name><value>1</value></action><action method="setData"><name>navigation</name><value>0</value></action><action method="setData"><name>column</name><value>1</value></action></block></reference>]]></xml></instance><instance><title><![CDATA[New Product]]></title><instance_type>widgetproducts/widget</instance_type><package_theme>puro/default</package_theme><widget_parameters><![CDATA[a:17:{s:12:"widget_title";s:11:"New Product";s:5:"cache";s:5:"86400";s:7:"classes";s:16:"home-new-product";s:11:"widget_type";s:7:"product";s:10:"widget_tab";s:4:"none";s:4:"mode";s:3:"new";s:9:"countdown";s:1:"0";s:12:"category_ids";s:1:"4";s:5:"limit";s:2:"10";s:6:"scroll";s:1:"1";s:8:"autoplay";s:5:"10000";s:6:"paging";s:1:"0";s:10:"navigation";s:1:"1";s:15:"navigation_prev";s:52:"<i class="fs1" aria-hidden="true" data-icon="#"></i>";s:15:"navigation_next";s:52:"<i class="fs1" aria-hidden="true" data-icon="$"></i>";s:3:"row";s:1:"1";s:6:"column";s:1:"4";}]]></widget_parameters><sort_order>1</sort_order><page><group>pages</group><layout_handle>cms_index_index</layout_handle><block_reference>main_top</block_reference><for>all</for><entities></entities><template>icotheme/widgetproducts/products.phtml</template><area>frontend</area><package>puro</package><theme>default</theme></page><xml><![CDATA[<reference name="main_top"><block type="widgetproducts/widget" name="e1b00ed6b4b71150f2020673dec9c63a" template="icotheme/widgetproducts/products.phtml"><action method="setData"><name>widget_title</name><value>New Product</value></action><action method="setData"><name>cache</name><value>86400</value></action><action method="setData"><name>classes</name><value>home-new-product</value></action><action method="setData"><name>widget_type</name><value>product</value></action><action method="setData"><name>widget_tab</name><value>none</value></action><action method="setData"><name>mode</name><value>new</value></action><action method="setData"><name>countdown</name><value>0</value></action><action method="setData"><name>category_ids</name><value>4</value></action><action method="setData"><name>limit</name><value>10</value></action><action method="setData"><name>scroll</name><value>1</value></action><action method="setData"><name>autoplay</name><value>10000</value></action><action method="setData"><name>paging</name><value>0</value></action><action method="setData"><name>navigation</name><value>1</value></action><action method="setData"><name>navigation_prev</name><value>&lt;i class=&quot;fs1&quot; aria-hidden=&quot;true&quot; data-icon=&quot;#&quot;&gt;&lt;/i&gt;</value></action><action method="setData"><name>navigation_next</name><value>&lt;i class=&quot;fs1&quot; aria-hidden=&quot;true&quot; data-icon=&quot;$&quot;&gt;&lt;/i&gt;</value></action><action method="setData"><name>row</name><value>1</value></action><action method="setData"><name>column</name><value>4</value></action></block></reference>]]></xml></instance><instance><title><![CDATA[Footer Top]]></title><instance_type>widgetblocks/widget</instance_type><package_theme>puro/default</package_theme><widget_parameters><![CDATA[a:10:{s:12:"widget_title";s:0:"";s:5:"cache";s:5:"86400";s:7:"classes";s:10:"footer-top";s:9:"block_ids";a:1:{i:0;s:6:"footer";}s:8:"block_lg";s:10:"footer,12,";s:8:"block_md";s:10:"footer,12,";s:8:"block_sm";s:10:"footer,12,";s:8:"block_xs";s:10:"footer,12,";s:6:"scroll";s:1:"0";s:6:"column";s:1:"2";}]]></widget_parameters><sort_order>0</sort_order><page><group>all_pages</group><layout_handle>default</layout_handle><block_reference>footer_top</block_reference><for>all</for><entities></entities><template>icotheme/widgetblocks/block.phtml</template><area>frontend</area><package>puro</package><theme>default</theme></page><xml><![CDATA[<reference name="footer_top"><block type="widgetblocks/widget" name="56bd0bc957fe1bf4afdfe85bb81af9da" template="icotheme/widgetblocks/block.phtml"><action method="setData"><name>cache</name><value>86400</value></action><action method="setData"><name>classes</name><value>footer-top</value></action><action method="setData"><name>block_ids</name><value>footer</value></action><action method="setData"><name>block_lg</name><value>footer,12,</value></action><action method="setData"><name>block_md</name><value>footer,12,</value></action><action method="setData"><name>block_sm</name><value>footer,12,</value></action><action method="setData"><name>block_xs</name><value>footer,12,</value></action><action method="setData"><name>scroll</name><value>0</value></action><action method="setData"><name>column</name><value>2</value></action></block></reference>]]></xml></instance><instance><title><![CDATA[Product Tab]]></title><instance_type>widgetproducts/widget</instance_type><package_theme>puro/default</package_theme><widget_parameters><![CDATA[a:18:{s:12:"widget_title";s:0:"";s:5:"cache";s:5:"86400";s:7:"classes";s:16:"home-product-tab";s:11:"widget_type";s:7:"product";s:10:"widget_tab";s:11:"collections";s:9:"countdown";s:1:"0";s:11:"collections";a:3:{i:0;s:6:"rating";i:1;s:8:"discount";i:2;s:8:"bestsell";}s:12:"category_ids";s:3:"4,3";s:6:"labels";s:15:"Top||Sale||Best";s:5:"limit";s:2:"10";s:6:"scroll";s:1:"1";s:8:"autoplay";s:0:"";s:6:"paging";s:1:"0";s:10:"navigation";s:1:"1";s:15:"navigation_prev";s:52:"<i class="fs1" aria-hidden="true" data-icon="#"></i>";s:15:"navigation_next";s:52:"<i class="fs1" aria-hidden="true" data-icon="$"></i>";s:3:"row";s:1:"1";s:6:"column";s:1:"4";}]]></widget_parameters><sort_order>0</sort_order><page><group>pages</group><layout_handle>cms_index_index</layout_handle><block_reference>main_bottom</block_reference><for>all</for><entities></entities><template>icotheme/widgetproducts/tab.phtml</template><area>frontend</area><package>puro</package><theme>default</theme></page><xml><![CDATA[<reference name="main_bottom"><block type="widgetproducts/widget" name="c9abe4c91838aa09d3c14fc94dbc1780" template="icotheme/widgetproducts/tab.phtml"><action method="setData"><name>cache</name><value>86400</value></action><action method="setData"><name>classes</name><value>home-product-tab</value></action><action method="setData"><name>widget_type</name><value>product</value></action><action method="setData"><name>widget_tab</name><value>collections</value></action><action method="setData"><name>countdown</name><value>0</value></action><action method="setData"><name>collections</name><value>rating,discount,bestsell</value></action><action method="setData"><name>category_ids</name><value>4,3</value></action><action method="setData"><name>labels</name><value>Top||Sale||Best</value></action><action method="setData"><name>limit</name><value>10</value></action><action method="setData"><name>scroll</name><value>1</value></action><action method="setData"><name>paging</name><value>0</value></action><action method="setData"><name>navigation</name><value>1</value></action><action method="setData"><name>navigation_prev</name><value>&lt;i class=&quot;fs1&quot; aria-hidden=&quot;true&quot; data-icon=&quot;#&quot;&gt;&lt;/i&gt;</value></action><action method="setData"><name>navigation_next</name><value>&lt;i class=&quot;fs1&quot; aria-hidden=&quot;true&quot; data-icon=&quot;$&quot;&gt;&lt;/i&gt;</value></action><action method="setData"><name>row</name><value>1</value></action><action method="setData"><name>column</name><value>4</value></action></block></reference>]]></xml></instance><instance><title><![CDATA[Related Products]]></title><instance_type>widgetproducts/widget</instance_type><package_theme>puro/default</package_theme><widget_parameters><![CDATA[a:17:{s:12:"widget_title";s:16:"Related Products";s:5:"cache";s:5:"86400";s:7:"classes";s:0:"";s:11:"widget_type";s:7:"product";s:10:"widget_tab";s:4:"none";s:4:"mode";s:7:"related";s:9:"countdown";s:1:"0";s:12:"category_ids";s:0:"";s:5:"limit";s:2:"10";s:6:"scroll";s:1:"1";s:8:"autoplay";s:4:"5000";s:6:"paging";s:1:"0";s:10:"navigation";s:1:"1";s:15:"navigation_prev";s:56:"<div class="fs1" aria-hidden="true" data-icon="#"></div>";s:15:"navigation_next";s:56:"<div class="fs1" aria-hidden="true" data-icon="$"></div>";s:3:"row";s:1:"1";s:6:"column";s:1:"4";}]]></widget_parameters><sort_order>0</sort_order><page><group>all_products</group><layout_handle>catalog_product_view</layout_handle><block_reference>block_product_related</block_reference><for>all</for><entities></entities><template>icotheme/widgetproducts/related.phtml</template><area>frontend</area><package>puro</package><theme>default</theme></page><xml><![CDATA[<reference name="block_product_related"><block type="widgetproducts/widget" name="943ecbfb787262021162fdb654b4e731" template="icotheme/widgetproducts/related.phtml"><action method="setData"><name>widget_title</name><value>Related Products</value></action><action method="setData"><name>cache</name><value>86400</value></action><action method="setData"><name>widget_type</name><value>product</value></action><action method="setData"><name>widget_tab</name><value>none</value></action><action method="setData"><name>mode</name><value>related</value></action><action method="setData"><name>countdown</name><value>0</value></action><action method="setData"><name>limit</name><value>10</value></action><action method="setData"><name>scroll</name><value>1</value></action><action method="setData"><name>autoplay</name><value>5000</value></action><action method="setData"><name>paging</name><value>0</value></action><action method="setData"><name>navigation</name><value>1</value></action><action method="setData"><name>navigation_prev</name><value>&lt;div class=&quot;fs1&quot; aria-hidden=&quot;true&quot; data-icon=&quot;#&quot;&gt;&lt;/div&gt;</value></action><action method="setData"><name>navigation_next</name><value>&lt;div class=&quot;fs1&quot; aria-hidden=&quot;true&quot; data-icon=&quot;$&quot;&gt;&lt;/div&gt;</value></action><action method="setData"><name>row</name><value>1</value></action><action method="setData"><name>column</name><value>4</value></action></block></reference>]]></xml></instance><instance><title><![CDATA[Latest News]]></title><instance_type>widgetblog/widget</instance_type><package_theme>puro/default</package_theme><widget_parameters><![CDATA[a:12:{s:12:"widget_title";s:11:"Latest News";s:5:"cache";s:5:"86400";s:7:"classes";s:0:"";s:7:"cat_ids";a:1:{i:0;s:1:"1";}s:6:"scroll";s:1:"1";s:8:"autoplay";s:4:"5000";s:6:"paging";s:1:"0";s:10:"navigation";s:1:"1";s:15:"navigation_prev";s:52:"<i class="fs1" aria-hidden="true" data-icon="#"></i>";s:15:"navigation_next";s:52:"<i class="fs1" aria-hidden="true" data-icon="$"></i>";s:6:"column";s:1:"3";s:5:"limit";s:1:"8";}]]></widget_parameters><sort_order>5</sort_order><page><group>pages</group><layout_handle>cms_index_index</layout_handle><block_reference>main_bottom</block_reference><for>all</for><entities></entities><template>icotheme/widgetblog/blog.phtml</template><area>frontend</area><package>puro</package><theme>default</theme></page><xml><![CDATA[<reference name="main_bottom"><block type="widgetblog/widget" name="962c1e22fcee557d722c9e7cf8cfaa03" template="icotheme/widgetblog/blog.phtml"><action method="setData"><name>widget_title</name><value>Latest News</value></action><action method="setData"><name>cache</name><value>86400</value></action><action method="setData"><name>cat_ids</name><value>1</value></action><action method="setData"><name>scroll</name><value>1</value></action><action method="setData"><name>autoplay</name><value>5000</value></action><action method="setData"><name>paging</name><value>0</value></action><action method="setData"><name>navigation</name><value>1</value></action><action method="setData"><name>navigation_prev</name><value>&lt;i class=&quot;fs1&quot; aria-hidden=&quot;true&quot; data-icon=&quot;#&quot;&gt;&lt;/i&gt;</value></action><action method="setData"><name>navigation_next</name><value>&lt;i class=&quot;fs1&quot; aria-hidden=&quot;true&quot; data-icon=&quot;$&quot;&gt;&lt;/i&gt;</value></action><action method="setData"><name>column</name><value>3</value></action><action method="setData"><name>limit</name><value>8</value></action></block></reference>]]></xml></instance><instance><title><![CDATA[Banner Home]]></title><instance_type>widgetblocks/widget</instance_type><package_theme>puro/default</package_theme><widget_parameters><![CDATA[a:10:{s:12:"widget_title";s:0:"";s:5:"cache";s:5:"86400";s:7:"classes";s:0:"";s:9:"block_ids";a:1:{i:0;s:11:"home_banner";}s:8:"block_lg";s:0:"";s:8:"block_md";s:0:"";s:8:"block_sm";s:0:"";s:8:"block_xs";s:0:"";s:6:"scroll";s:1:"0";s:6:"column";s:1:"1";}]]></widget_parameters><sort_order>0</sort_order><page><group>pages</group><layout_handle>cms_index_index</layout_handle><block_reference>main_top</block_reference><for>all</for><entities></entities><template>icotheme/widgetblocks/block.phtml</template><area>frontend</area><package>puro</package><theme>default</theme></page><xml><![CDATA[<reference name="main_top"><block type="widgetblocks/widget" name="a6f329a379e8e86b834ae5e2b1739f17" template="icotheme/widgetblocks/block.phtml"><action method="setData"><name>cache</name><value>86400</value></action><action method="setData"><name>block_ids</name><value>home_banner</value></action><action method="setData"><name>scroll</name><value>0</value></action><action method="setData"><name>column</name><value>1</value></action></block></reference>]]></xml></instance><instance><title><![CDATA[Deal of the day]]></title><instance_type>widgetblocks/widget</instance_type><package_theme>puro/default</package_theme><widget_parameters><![CDATA[a:10:{s:12:"widget_title";s:0:"";s:5:"cache";s:5:"86400";s:7:"classes";s:0:"";s:9:"block_ids";a:1:{i:0;s:11:"deal_of_day";}s:8:"block_lg";s:0:"";s:8:"block_md";s:0:"";s:8:"block_sm";s:0:"";s:8:"block_xs";s:0:"";s:6:"scroll";s:1:"0";s:6:"column";s:1:"1";}]]></widget_parameters><sort_order>1</sort_order><page><group>pages</group><layout_handle>cms_index_index</layout_handle><block_reference>product_deal</block_reference><for>all</for><entities></entities><template>icotheme/widgetblocks/block.phtml</template><area>frontend</area><package>puro</package><theme>default</theme></page><xml><![CDATA[<reference name="product_deal"><block type="widgetblocks/widget" name="2b81f487e505a04c1465356bca4cddb5" template="icotheme/widgetblocks/block.phtml"><action method="setData"><name>cache</name><value>86400</value></action><action method="setData"><name>block_ids</name><value>deal_of_day</value></action><action method="setData"><name>scroll</name><value>0</value></action><action method="setData"><name>column</name><value>1</value></action></block></reference>]]></xml></instance><instance><title><![CDATA[Home Slider 2]]></title><instance_type>widgetblocks/widget</instance_type><package_theme>puro/puro01</package_theme><widget_parameters><![CDATA[a:14:{s:12:"widget_title";s:0:"";s:5:"cache";s:5:"86400";s:7:"classes";s:10:"slide-home";s:9:"block_ids";a:3:{i:0;s:11:"slide1home2";i:1;s:11:"slide2home2";i:2;s:11:"slide3home2";}s:8:"block_lg";s:0:"";s:8:"block_md";s:0:"";s:8:"block_sm";s:0:"";s:8:"block_xs";s:0:"";s:6:"scroll";s:1:"1";s:8:"autoplay";s:0:"";s:9:"animation";s:1:"0";s:6:"paging";s:1:"1";s:10:"navigation";s:1:"0";s:6:"column";s:1:"1";}]]></widget_parameters><sort_order>0</sort_order><page><group>pages</group><layout_handle>cms_index_index</layout_handle><block_reference>top.container</block_reference><for>all</for><entities></entities><template>icotheme/widgetblocks/slide.phtml</template><area>frontend</area><package>puro</package><theme>puro01</theme></page><xml><![CDATA[<reference name="top.container"><block type="widgetblocks/widget" name="26c4a602dc286108cb1c1336597f0e07" template="icotheme/widgetblocks/slide.phtml"><action method="setData"><name>cache</name><value>86400</value></action><action method="setData"><name>classes</name><value>slide-home</value></action><action method="setData"><name>block_ids</name><value>slide1home2,slide2home2,slide3home2</value></action><action method="setData"><name>scroll</name><value>1</value></action><action method="setData"><name>animation</name><value>0</value></action><action method="setData"><name>paging</name><value>1</value></action><action method="setData"><name>navigation</name><value>0</value></action><action method="setData"><name>column</name><value>1</value></action></block></reference>]]></xml></instance><instance><title><![CDATA[New Products Home 2]]></title><instance_type>widgetproducts/widget</instance_type><package_theme>puro/puro01</package_theme><widget_parameters><![CDATA[a:17:{s:12:"widget_title";s:11:"New Product";s:5:"cache";s:5:"86400";s:7:"classes";s:16:"home-new-product";s:11:"widget_type";s:7:"product";s:10:"widget_tab";s:4:"none";s:4:"mode";s:3:"new";s:9:"countdown";s:1:"0";s:12:"category_ids";s:2:"59";s:5:"limit";s:2:"10";s:6:"scroll";s:1:"1";s:8:"autoplay";s:5:"10000";s:6:"paging";s:1:"0";s:10:"navigation";s:1:"1";s:15:"navigation_prev";s:52:"<i class="fs1" aria-hidden="true" data-icon="#"></i>";s:15:"navigation_next";s:52:"<i class="fs1" aria-hidden="true" data-icon="$"></i>";s:3:"row";s:1:"1";s:6:"column";s:1:"4";}]]></widget_parameters><sort_order>1</sort_order><page><group>pages</group><layout_handle>cms_index_index</layout_handle><block_reference>main_top</block_reference><for>all</for><entities></entities><template>icotheme/widgetproducts/products.phtml</template><area>frontend</area><package>puro</package><theme>puro01</theme></page><xml><![CDATA[<reference name="main_top"><block type="widgetproducts/widget" name="586b0615b6e5ee2fd166cb080f3ef14e" template="icotheme/widgetproducts/products.phtml"><action method="setData"><name>widget_title</name><value>New Product</value></action><action method="setData"><name>cache</name><value>86400</value></action><action method="setData"><name>classes</name><value>home-new-product</value></action><action method="setData"><name>widget_type</name><value>product</value></action><action method="setData"><name>widget_tab</name><value>none</value></action><action method="setData"><name>mode</name><value>new</value></action><action method="setData"><name>countdown</name><value>0</value></action><action method="setData"><name>category_ids</name><value>59</value></action><action method="setData"><name>limit</name><value>10</value></action><action method="setData"><name>scroll</name><value>1</value></action><action method="setData"><name>autoplay</name><value>10000</value></action><action method="setData"><name>paging</name><value>0</value></action><action method="setData"><name>navigation</name><value>1</value></action><action method="setData"><name>navigation_prev</name><value>&lt;i class=&quot;fs1&quot; aria-hidden=&quot;true&quot; data-icon=&quot;#&quot;&gt;&lt;/i&gt;</value></action><action method="setData"><name>navigation_next</name><value>&lt;i class=&quot;fs1&quot; aria-hidden=&quot;true&quot; data-icon=&quot;$&quot;&gt;&lt;/i&gt;</value></action><action method="setData"><name>row</name><value>1</value></action><action method="setData"><name>column</name><value>4</value></action></block></reference>]]></xml></instance><instance><title><![CDATA[Banner Home 2]]></title><instance_type>widgetblocks/widget</instance_type><package_theme>puro/puro01</package_theme><widget_parameters><![CDATA[a:10:{s:12:"widget_title";s:0:"";s:5:"cache";s:5:"86400";s:7:"classes";s:0:"";s:9:"block_ids";a:1:{i:0;s:11:"home2banner";}s:8:"block_lg";s:0:"";s:8:"block_md";s:0:"";s:8:"block_sm";s:0:"";s:8:"block_xs";s:0:"";s:6:"scroll";s:1:"0";s:6:"column";s:1:"1";}]]></widget_parameters><sort_order>0</sort_order><page><group>pages</group><layout_handle>cms_index_index</layout_handle><block_reference>main_top</block_reference><for>all</for><entities></entities><template>icotheme/widgetblocks/block.phtml</template><area>frontend</area><package>puro</package><theme>puro01</theme></page><xml><![CDATA[<reference name="main_top"><block type="widgetblocks/widget" name="f2550fa4056964a72fa4bff8318b3f4a" template="icotheme/widgetblocks/block.phtml"><action method="setData"><name>cache</name><value>86400</value></action><action method="setData"><name>block_ids</name><value>home2banner</value></action><action method="setData"><name>scroll</name><value>0</value></action><action method="setData"><name>column</name><value>1</value></action></block></reference>]]></xml></instance><instance><title><![CDATA[Products Tab Home 2]]></title><instance_type>widgetproducts/widget</instance_type><package_theme>puro/puro01</package_theme><widget_parameters><![CDATA[a:18:{s:12:"widget_title";s:0:"";s:5:"cache";s:5:"86400";s:7:"classes";s:16:"home-product-tab";s:11:"widget_type";s:7:"product";s:10:"widget_tab";s:11:"collections";s:9:"countdown";s:1:"0";s:11:"collections";a:3:{i:0;s:6:"rating";i:1;s:8:"discount";i:2;s:8:"bestsell";}s:12:"category_ids";s:2:"59";s:6:"labels";s:15:"Top||Sale||Best";s:5:"limit";s:2:"10";s:6:"scroll";s:1:"1";s:8:"autoplay";s:0:"";s:6:"paging";s:1:"0";s:10:"navigation";s:1:"1";s:15:"navigation_prev";s:52:"<i class="fs1" aria-hidden="true" data-icon="#"></i>";s:15:"navigation_next";s:52:"<i class="fs1" aria-hidden="true" data-icon="$"></i>";s:3:"row";s:1:"1";s:6:"column";s:1:"4";}]]></widget_parameters><sort_order>0</sort_order><page><group>pages</group><layout_handle>cms_index_index</layout_handle><block_reference>main_bottom</block_reference><for>all</for><entities></entities><template>icotheme/widgetproducts/tab.phtml</template><area>frontend</area><package>puro</package><theme>puro01</theme></page><xml><![CDATA[<reference name="main_bottom"><block type="widgetproducts/widget" name="cb644ff7252e6b80d91f071a5b483861" template="icotheme/widgetproducts/tab.phtml"><action method="setData"><name>cache</name><value>86400</value></action><action method="setData"><name>classes</name><value>home-product-tab</value></action><action method="setData"><name>widget_type</name><value>product</value></action><action method="setData"><name>widget_tab</name><value>collections</value></action><action method="setData"><name>countdown</name><value>0</value></action><action method="setData"><name>collections</name><value>rating,discount,bestsell</value></action><action method="setData"><name>category_ids</name><value>59</value></action><action method="setData"><name>labels</name><value>Top||Sale||Best</value></action><action method="setData"><name>limit</name><value>10</value></action><action method="setData"><name>scroll</name><value>1</value></action><action method="setData"><name>paging</name><value>0</value></action><action method="setData"><name>navigation</name><value>1</value></action><action method="setData"><name>navigation_prev</name><value>&lt;i class=&quot;fs1&quot; aria-hidden=&quot;true&quot; data-icon=&quot;#&quot;&gt;&lt;/i&gt;</value></action><action method="setData"><name>navigation_next</name><value>&lt;i class=&quot;fs1&quot; aria-hidden=&quot;true&quot; data-icon=&quot;$&quot;&gt;&lt;/i&gt;</value></action><action method="setData"><name>row</name><value>1</value></action><action method="setData"><name>column</name><value>4</value></action></block></reference>]]></xml></instance><instance><title><![CDATA[Footer Top Home 2]]></title><instance_type>widgetblocks/widget</instance_type><package_theme>puro/puro01</package_theme><widget_parameters><![CDATA[a:10:{s:12:"widget_title";s:0:"";s:5:"cache";s:5:"86400";s:7:"classes";s:10:"footer-top";s:9:"block_ids";a:1:{i:0;s:6:"footer";}s:8:"block_lg";s:0:"";s:8:"block_md";s:0:"";s:8:"block_sm";s:0:"";s:8:"block_xs";s:0:"";s:6:"scroll";s:1:"0";s:6:"column";s:1:"2";}]]></widget_parameters><sort_order>1</sort_order><page><group>all_pages</group><layout_handle>default</layout_handle><block_reference>footer_top</block_reference><for>all</for><entities></entities><template>icotheme/widgetblocks/block.phtml</template><area>frontend</area><package>puro</package><theme>puro01</theme></page><xml><![CDATA[<reference name="footer_top"><block type="widgetblocks/widget" name="3a5d4fe86f1f05e7947cfd6a1f990230" template="icotheme/widgetblocks/block.phtml"><action method="setData"><name>cache</name><value>86400</value></action><action method="setData"><name>classes</name><value>footer-top</value></action><action method="setData"><name>block_ids</name><value>footer</value></action><action method="setData"><name>scroll</name><value>0</value></action><action method="setData"><name>column</name><value>2</value></action></block></reference>]]></xml></instance><instance><title><![CDATA[Block Video]]></title><instance_type>widgetblocks/widget</instance_type><package_theme>puro/puro01</package_theme><widget_parameters><![CDATA[a:10:{s:12:"widget_title";s:0:"";s:5:"cache";s:5:"86400";s:7:"classes";s:0:"";s:9:"block_ids";a:1:{i:0;s:11:"block_video";}s:8:"block_lg";s:0:"";s:8:"block_md";s:0:"";s:8:"block_sm";s:0:"";s:8:"block_xs";s:0:"";s:6:"scroll";s:1:"0";s:6:"column";s:1:"1";}]]></widget_parameters><sort_order>0</sort_order><page><group>pages</group><layout_handle>cms_index_index</layout_handle><block_reference>product_deal</block_reference><for>all</for><entities></entities><template>icotheme/widgetblocks/block.phtml</template><area>frontend</area><package>puro</package><theme>puro01</theme></page><xml><![CDATA[<reference name="product_deal"><block type="widgetblocks/widget" name="ae2ce277e7f54877a2f2f73f7bcbfed4" template="icotheme/widgetblocks/block.phtml"><action method="setData"><name>cache</name><value>86400</value></action><action method="setData"><name>block_ids</name><value>block_video</value></action><action method="setData"><name>scroll</name><value>0</value></action><action method="setData"><name>column</name><value>1</value></action></block></reference>]]></xml></instance><instance><title><![CDATA[Latest News Home 2]]></title><instance_type>widgetblog/widget</instance_type><package_theme>puro/puro01</package_theme><widget_parameters><![CDATA[a:12:{s:12:"widget_title";s:11:"Latest News";s:5:"cache";s:5:"86400";s:7:"classes";s:0:"";s:7:"cat_ids";a:1:{i:0;s:1:"1";}s:6:"scroll";s:1:"1";s:8:"autoplay";s:4:"5000";s:6:"paging";s:1:"0";s:10:"navigation";s:1:"1";s:15:"navigation_prev";s:52:"<i class="fs1" aria-hidden="true" data-icon="#"></i>";s:15:"navigation_next";s:52:"<i class="fs1" aria-hidden="true" data-icon="$"></i>";s:6:"column";s:1:"3";s:5:"limit";s:1:"8";}]]></widget_parameters><sort_order>5</sort_order><page><group>pages</group><layout_handle>cms_index_index</layout_handle><block_reference>main_bottom</block_reference><for>all</for><entities></entities><template>icotheme/widgetblog/blog.phtml</template><area>frontend</area><package>puro</package><theme>puro01</theme></page><xml><![CDATA[<reference name="main_bottom"><block type="widgetblog/widget" name="fe4fde0523c6997745ba3ccd025a9787" template="icotheme/widgetblog/blog.phtml"><action method="setData"><name>widget_title</name><value>Latest News</value></action><action method="setData"><name>cache</name><value>86400</value></action><action method="setData"><name>cat_ids</name><value>1</value></action><action method="setData"><name>scroll</name><value>1</value></action><action method="setData"><name>autoplay</name><value>5000</value></action><action method="setData"><name>paging</name><value>0</value></action><action method="setData"><name>navigation</name><value>1</value></action><action method="setData"><name>navigation_prev</name><value>&lt;i class=&quot;fs1&quot; aria-hidden=&quot;true&quot; data-icon=&quot;#&quot;&gt;&lt;/i&gt;</value></action><action method="setData"><name>navigation_next</name><value>&lt;i class=&quot;fs1&quot; aria-hidden=&quot;true&quot; data-icon=&quot;$&quot;&gt;&lt;/i&gt;</value></action><action method="setData"><name>column</name><value>3</value></action><action method="setData"><name>limit</name><value>8</value></action></block></reference>]]></xml></instance><instance><title><![CDATA[Slide Home 3]]></title><instance_type>widgetblocks/widget</instance_type><package_theme>puro/puro02</package_theme><widget_parameters><![CDATA[a:16:{s:12:"widget_title";s:0:"";s:5:"cache";s:5:"86400";s:7:"classes";s:0:"";s:9:"block_ids";a:3:{i:0;s:11:"slide1home3";i:1;s:11:"slide2home3";i:2;s:11:"slide3home3";}s:8:"block_lg";s:0:"";s:8:"block_md";s:0:"";s:8:"block_sm";s:0:"";s:8:"block_xs";s:0:"";s:6:"scroll";s:1:"1";s:8:"autoplay";s:0:"";s:9:"animation";s:1:"1";s:6:"paging";s:1:"0";s:10:"navigation";s:1:"1";s:15:"navigation_prev";s:41:"<div class="icon icon-arrows-left"></div>";s:15:"navigation_next";s:42:"<div class="icon icon-arrows-right"></div>";s:6:"column";s:1:"1";}]]></widget_parameters><sort_order>0</sort_order><page><group>pages</group><layout_handle>cms_index_index</layout_handle><block_reference>top.container</block_reference><for>all</for><entities></entities><template>icotheme/widgetblocks/slide.phtml</template><area>frontend</area><package>puro</package><theme>puro02</theme></page><xml><![CDATA[<reference name="top.container"><block type="widgetblocks/widget" name="1d9b6ba5bb8833241a6dee6dea0f516c" template="icotheme/widgetblocks/slide.phtml"><action method="setData"><name>cache</name><value>86400</value></action><action method="setData"><name>block_ids</name><value>slide1home3,slide2home3,slide3home3</value></action><action method="setData"><name>scroll</name><value>1</value></action><action method="setData"><name>animation</name><value>1</value></action><action method="setData"><name>paging</name><value>0</value></action><action method="setData"><name>navigation</name><value>1</value></action><action method="setData"><name>navigation_prev</name><value>&lt;div class=&quot;icon icon-arrows-left&quot;&gt;&lt;/div&gt;</value></action><action method="setData"><name>navigation_next</name><value>&lt;div class=&quot;icon icon-arrows-right&quot;&gt;&lt;/div&gt;</value></action><action method="setData"><name>column</name><value>1</value></action></block></reference>]]></xml></instance><instance><title><![CDATA[Block Home 3]]></title><instance_type>widgetblocks/widget</instance_type><package_theme>puro/puro02</package_theme><widget_parameters><![CDATA[a:10:{s:12:"widget_title";s:0:"";s:5:"cache";s:5:"86400";s:7:"classes";s:0:"";s:9:"block_ids";a:1:{i:0;s:11:"home3banner";}s:8:"block_lg";s:0:"";s:8:"block_md";s:0:"";s:8:"block_sm";s:0:"";s:8:"block_xs";s:0:"";s:6:"scroll";s:1:"0";s:6:"column";s:1:"1";}]]></widget_parameters><sort_order>0</sort_order><page><group>pages</group><layout_handle>cms_index_index</layout_handle><block_reference>main_top</block_reference><for>all</for><entities></entities><template>icotheme/widgetblocks/block.phtml</template><area>frontend</area><package>puro</package><theme>puro02</theme></page><xml><![CDATA[<reference name="main_top"><block type="widgetblocks/widget" name="e7f944a85348cf78530624fea0fc4b20" template="icotheme/widgetblocks/block.phtml"><action method="setData"><name>cache</name><value>86400</value></action><action method="setData"><name>block_ids</name><value>home3banner</value></action><action method="setData"><name>scroll</name><value>0</value></action><action method="setData"><name>column</name><value>1</value></action></block></reference>]]></xml></instance><instance><title><![CDATA[New Products Home 3]]></title><instance_type>widgetproducts/widget</instance_type><package_theme>puro/puro02</package_theme><widget_parameters><![CDATA[a:17:{s:12:"widget_title";s:11:"New Product";s:5:"cache";s:5:"86400";s:7:"classes";s:16:"home-new-product";s:11:"widget_type";s:7:"product";s:10:"widget_tab";s:4:"none";s:4:"mode";s:3:"new";s:9:"countdown";s:1:"0";s:12:"category_ids";s:3:"3,4";s:5:"limit";s:2:"12";s:6:"scroll";s:1:"1";s:8:"autoplay";s:5:"10000";s:6:"paging";s:1:"0";s:10:"navigation";s:1:"1";s:15:"navigation_prev";s:51:"<span aria-hidden="true" class="arrow_left"></span>";s:15:"navigation_next";s:52:"<span aria-hidden="true" class="arrow_right"></span>";s:3:"row";s:1:"2";s:6:"column";s:1:"4";}]]></widget_parameters><sort_order>0</sort_order><page><group>pages</group><layout_handle>cms_index_index</layout_handle><block_reference>main_top</block_reference><for>all</for><entities></entities><template>icotheme/widgetproducts/products.phtml</template><area>frontend</area><package>puro</package><theme>puro02</theme></page><xml><![CDATA[<reference name="main_top"><block type="widgetproducts/widget" name="816109a02b6dd61f0a176f0102baadb3" template="icotheme/widgetproducts/products.phtml"><action method="setData"><name>widget_title</name><value>New Product</value></action><action method="setData"><name>cache</name><value>86400</value></action><action method="setData"><name>classes</name><value>home-new-product</value></action><action method="setData"><name>widget_type</name><value>product</value></action><action method="setData"><name>widget_tab</name><value>none</value></action><action method="setData"><name>mode</name><value>new</value></action><action method="setData"><name>countdown</name><value>0</value></action><action method="setData"><name>category_ids</name><value>3,4</value></action><action method="setData"><name>limit</name><value>12</value></action><action method="setData"><name>scroll</name><value>1</value></action><action method="setData"><name>autoplay</name><value>10000</value></action><action method="setData"><name>paging</name><value>0</value></action><action method="setData"><name>navigation</name><value>1</value></action><action method="setData"><name>navigation_prev</name><value>&lt;span aria-hidden=&quot;true&quot; class=&quot;arrow_left&quot;&gt;&lt;/span&gt;</value></action><action method="setData"><name>navigation_next</name><value>&lt;span aria-hidden=&quot;true&quot; class=&quot;arrow_right&quot;&gt;&lt;/span&gt;</value></action><action method="setData"><name>row</name><value>2</value></action><action method="setData"><name>column</name><value>4</value></action></block></reference>]]></xml></instance><instance><title><![CDATA[Testerminal home 3]]></title><instance_type>widgetblocks/widget</instance_type><package_theme>puro/puro02</package_theme><widget_parameters><![CDATA[a:10:{s:12:"widget_title";s:0:"";s:5:"cache";s:5:"86400";s:7:"classes";s:0:"";s:9:"block_ids";a:1:{i:0;s:18:"testerminal_home_3";}s:8:"block_lg";s:0:"";s:8:"block_md";s:0:"";s:8:"block_sm";s:0:"";s:8:"block_xs";s:0:"";s:6:"scroll";s:1:"0";s:6:"column";s:1:"1";}]]></widget_parameters><sort_order>0</sort_order><page><group>pages</group><layout_handle>cms_index_index</layout_handle><block_reference>product_deal</block_reference><for>all</for><entities></entities><template>icotheme/widgetblocks/block.phtml</template><area>frontend</area><package>puro</package><theme>puro02</theme></page><xml><![CDATA[<reference name="product_deal"><block type="widgetblocks/widget" name="a2806108d9760913ae7219cf8db34aa4" template="icotheme/widgetblocks/block.phtml"><action method="setData"><name>cache</name><value>86400</value></action><action method="setData"><name>block_ids</name><value>testerminal_home_3</value></action><action method="setData"><name>scroll</name><value>0</value></action><action method="setData"><name>column</name><value>1</value></action></block></reference>]]></xml></instance><instance><title><![CDATA[Latest News Home 3]]></title><instance_type>widgetblog/widget</instance_type><package_theme>puro/puro02</package_theme><widget_parameters><![CDATA[a:12:{s:12:"widget_title";s:11:"Latest News";s:5:"cache";s:5:"86400";s:7:"classes";s:0:"";s:7:"cat_ids";a:1:{i:0;s:1:"1";}s:6:"scroll";s:1:"1";s:8:"autoplay";s:4:"5000";s:6:"paging";s:1:"0";s:10:"navigation";s:1:"1";s:15:"navigation_prev";s:51:"<span aria-hidden="true" class="arrow_left"></span>";s:15:"navigation_next";s:52:"<span aria-hidden="true" class="arrow_right"></span>";s:6:"column";s:1:"3";s:5:"limit";s:1:"9";}]]></widget_parameters><sort_order>5</sort_order><page><group>pages</group><layout_handle>cms_index_index</layout_handle><block_reference>main_bottom</block_reference><for>all</for><entities></entities><template>icotheme/widgetblog/blog.phtml</template><area>frontend</area><package>puro</package><theme>puro02</theme></page><xml><![CDATA[<reference name="main_bottom"><block type="widgetblog/widget" name="b8828e8c7e6ee1def99957e2fc60ceb6" template="icotheme/widgetblog/blog.phtml"><action method="setData"><name>widget_title</name><value>Latest News</value></action><action method="setData"><name>cache</name><value>86400</value></action><action method="setData"><name>cat_ids</name><value>1</value></action><action method="setData"><name>scroll</name><value>1</value></action><action method="setData"><name>autoplay</name><value>5000</value></action><action method="setData"><name>paging</name><value>0</value></action><action method="setData"><name>navigation</name><value>1</value></action><action method="setData"><name>navigation_prev</name><value>&lt;span aria-hidden=&quot;true&quot; class=&quot;arrow_left&quot;&gt;&lt;/span&gt;</value></action><action method="setData"><name>navigation_next</name><value>&lt;span aria-hidden=&quot;true&quot; class=&quot;arrow_right&quot;&gt;&lt;/span&gt;</value></action><action method="setData"><name>column</name><value>3</value></action><action method="setData"><name>limit</name><value>9</value></action></block></reference>]]></xml></instance><instance><title><![CDATA[Footer Top Home 3]]></title><instance_type>widgetblocks/widget</instance_type><package_theme>puro/puro02</package_theme><widget_parameters><![CDATA[a:10:{s:12:"widget_title";s:0:"";s:5:"cache";s:5:"86400";s:7:"classes";s:10:"footer-top";s:9:"block_ids";a:1:{i:0;s:6:"footer";}s:8:"block_lg";s:0:"";s:8:"block_md";s:0:"";s:8:"block_sm";s:0:"";s:8:"block_xs";s:0:"";s:6:"scroll";s:1:"0";s:6:"column";s:1:"1";}]]></widget_parameters><sort_order>1</sort_order><page><group>all_pages</group><layout_handle>default</layout_handle><block_reference>footer_top</block_reference><for>all</for><entities></entities><template>icotheme/widgetblocks/block.phtml</template><area>frontend</area><package>puro</package><theme>puro02</theme></page><xml><![CDATA[<reference name="footer_top"><block type="widgetblocks/widget" name="6b1d19a99d48f0c23cc482139f20b58d" template="icotheme/widgetblocks/block.phtml"><action method="setData"><name>cache</name><value>86400</value></action><action method="setData"><name>classes</name><value>footer-top</value></action><action method="setData"><name>block_ids</name><value>footer</value></action><action method="setData"><name>scroll</name><value>0</value></action><action method="setData"><name>column</name><value>1</value></action></block></reference>]]></xml></instance><instance><title><![CDATA[Follow Instagram Home 3]]></title><instance_type>instafeed/widget</instance_type><package_theme>puro/puro02</package_theme><widget_parameters><![CDATA[a:12:{s:12:"widget_title";s:22:"Follow us on instagram";s:5:"cache";s:5:"86400";s:7:"classes";s:0:"";s:8:"clientid";s:0:"";s:11:"accesstoken";s:50:"208906273.467ede5.7a8f5e3849d647448e42761be0769567";s:7:"show_by";s:6:"tagged";s:8:"tag_name";s:7:"fashion";s:6:"sortby";s:10:"most-liked";s:5:"links";s:1:"1";s:5:"limit";s:2:"30";s:10:"resolution";s:14:"low_resolution";s:15:"custom_template";s:116:"<a class="fancybox" href="{{link}}" rel="ig" title="{{caption}}"><img class="instagram-image" src="{{image}}" /></a>";}]]></widget_parameters><sort_order>6</sort_order><page><group>pages</group><layout_handle>cms_index_index</layout_handle><block_reference>postscript</block_reference><for>all</for><entities></entities><template>icotheme/instafeed/feed.phtml</template><area>frontend</area><package>puro</package><theme>puro02</theme></page><xml><![CDATA[<reference name="postscript"><block type="instafeed/widget" name="cc9b1fd5bf591da51c6c1914c99d3b0e" template="icotheme/instafeed/feed.phtml"><action method="setData"><name>widget_title</name><value>Follow us on instagram</value></action><action method="setData"><name>cache</name><value>86400</value></action><action method="setData"><name>accesstoken</name><value>208906273.467ede5.7a8f5e3849d647448e42761be0769567</value></action><action method="setData"><name>show_by</name><value>tagged</value></action><action method="setData"><name>tag_name</name><value>fashion</value></action><action method="setData"><name>sortby</name><value>most-liked</value></action><action method="setData"><name>links</name><value>1</value></action><action method="setData"><name>limit</name><value>30</value></action><action method="setData"><name>resolution</name><value>low_resolution</value></action><action method="setData"><name>custom_template</name><value>&lt;a class=&quot;fancybox&quot; href=&quot;{{link}}&quot; rel=&quot;ig&quot; title=&quot;{{caption}}&quot;&gt;&lt;img class=&quot;instagram-image&quot; src=&quot;{{image}}&quot; /&gt;&lt;/a&gt;</value></action></block></reference>]]></xml></instance></widgets></root>