<?xml version="1.0"?>
<!--
/**
 * NOTICE OF LICENSE
 *
 * This source file is subject to the Open Software License (OSL 3.0)
 * that is bundled with this package in the file LICENSE.txt.
 * It is also available through the world-wide-web at this URL:
 * http://opensource.org/licenses/osl-3.0.php
 *
 * @category   IcoTheme
 * @package    IcoTheme_Less
 * @copyright  Copyright (c) 2012 IcoTheme <magento@icotheme.com> (Benoît Leulliette <benoit@icotheme.com>)
 * @license    http://opensource.org/licenses/osl-3.0.php  Open Software License (OSL 3.0)
 */
-->
<config>
    <acl>
        <resources>
            <all>
                <title>Allow Everything</title>
            </all>
            <admin>
                <children>
                    <system>
                        <children>
                            <config>
                                <children>
                                    <tless translate="title" module="tless">
                                        <title>Less</title>
                                    </tless>
                                </children>
                            </config>
                            <tless translate="title" module="tless">
                                <title>Less Files</title>
                                <sort_order>2000</sort_order>
                            </tless>
                        </children>
                    </system>
                </children>
            </admin>
        </resources>
    </acl>
    <layout>
        <updates>
            <tless>
                <file>icotheme/less.xml</file>
            </tless>
        </updates>
    </layout>
    <translate>
        <modules>
            <IcoTheme_Less>
                <files>
                    <default>IcoTheme_Less.csv</default>
                </files>
            </IcoTheme_Less>
        </modules>
    </translate>
</config>