<?xml version="1.0"?>
<!--
/**
 * @copyright   Copyright (C) 2015 icotheme.com. All Rights Reserved.
 */
-->
<config>
    <acl>
        <resources>
            <admin>
                <children>
                    <system>
                        <children>
                            <config>
                                <children>
                                    <colorswatches>
                                        <title>ConfigurableSwatches</title>
                                    </colorswatches>
                                </children>
                            </config>
                        </children>
                    </system>
                </children>
            </admin>
        </resources>
    </acl>
</config>
