<?xml version="1.0"?>
<!--
/**
 * @copyright   Copyright (C) 2015 icotheme.com. All Rights Reserved.
 */
-->
<widgets>
    <widgetproducts type="widgetproducts/widget" translate="name description">
        <name>Ico Widget Products</name>
        <description>Show products in widget</description>
        <parameters>
            <widget_title translate="label">
                <label>Widget Title</label>
                <visible>1</visible>
                <type>text</type>
            </widget_title>
            <cache translate="label description">
                <label>Cache Lifetime</label>
                <visible>1</visible>
                <value>86400</value>
                <type>text</type>
                <description>If set, caching this widget (in seconds)</description>
            </cache>
            <classes translate="label description">
                <label>Widget Classes</label>
                <visible>1</visible>
                <type>text</type>
                <description>Custom classes</description>
            </classes>
            <widget_type translate="label description">
                <label>Widget Type</label>
                <visible>1</visible>
                <type>select</type>
                <required>1</required>
                <source_model>widgetproducts/widget_source_type</source_model>
                <description>Select widget content</description>
            </widget_type>
            <widget_tab translate="label description">
            <label>Enable Tabs</label>
                <visible>1</visible>
                <type>select</type>
                <source_model>widgetproducts/widget_source_tab</source_model>
                <depends>
                    <widget_type>
                        <value>product</value>
                    </widget_type>
                </depends>
                <description>Enable tab on widget</description>
            </widget_tab>
            <mode translate="label description">
                <label>Product Collection</label>
                <visible>1</visible>
                <type>select</type>
                <source_model>widgetproducts/widget_source_mode</source_model>
                <depends>
                    <widget_type>
                        <value>product</value>
                    </widget_type>
                    <widget_tab>
                        <value>none</value>
                    </widget_tab>
                </depends>
                <description>The product collection</description>
            </mode>
            <countdown translate="label description">
                <label>Enable Countdown</label>
                <visible>1</visible>
                <type>select</type>
                <source_model>adminhtml/system_config_source_yesno</source_model>
                <depends>
                    <widget_type>
                        <value>product</value>
                    </widget_type>
                    <widget_tab>
                        <values>
                            <none>none</none>
                            <collections>collections</collections>
                        </values>
                    </widget_tab>
                </depends>
                <description>Enable countdown on product if available</description>
            </countdown>
            <product_ids translate="label description">
                <label>Products</label>
                <visible>1</visible>
                <required>1</required>
                <type>widgetproducts/adminhtml_widget_renderer_product</type>
                <depends>
                    <mode>
                        <value>id</value>
                    </mode>
                    <widget_type>
                        <value>product</value>
                    </widget_type>
                    <widget_tab>
                        <value>none</value>
                    </widget_tab>
                </depends>
                <description>Specific product ids here</description>
            </product_ids>
            <collections translate="label description">
                <label>Product Collections</label>
                <visible>1</visible>
                <type>widgetproducts/adminhtml_widget_form_element_collection</type>
                <source_model>widgetproducts/widget_source_tab_mode</source_model>
                <depends>
                    <widget_type>
                        <value>product</value>
                    </widget_type>
                    <widget_tab>
                        <value>collections</value>
                    </widget_tab>
                </depends>
                <description>
                    <![CDATA[The product collections for tabs. Drag & drop for order of collections]]></description>
            </collections>
            <category_ids translate="label description">
                <label>Categories</label>
                <visible>1</visible>
                <type>widgetproducts/adminhtml_widget_renderer_category</type>
                <depends>
                    <widget_type>
                        <values>
                            <product>product</product>
                            <category>category</category>
                        </values>
                    </widget_type>
                </depends>
                <description>If category is selected, the product collection will be filtered by this categories
                </description>
            </category_ids>
            <attribute translate="label description">
                <label>Attribute</label>
                <visible>1</visible>
                <type>select</type>
                <source_model>widgetproducts/widget_source_attribute</source_model>
                <depends>
                    <widget_type>
                        <value>attribute</value>
                    </widget_type>
                </depends>
                <description>Select attribute to show</description>
            </attribute>
            <attribute_options translate="label description">
                <label>Attribute Options</label>
                <visible>1</visible>
                <type>multiselect</type>
                <depends>
                    <widget_type>
                        <value>attribute</value>
                    </widget_type>
                </depends>
                <description>Select attribute options to show</description>
                <helper_block>
                    <type>widgetproducts/adminhtml_widget_renderer_attribute_option</type>
                    <data>
                        <target>attribute</target>
                    </data>
                </helper_block>
            </attribute_options>
            <attribute_link translate="label description">
                <label>Enable Search Link</label>
                <visible>1</visible>
                <type>select</type>
                <source_model>adminhtml/system_config_source_yesno</source_model>
                <depends>
                    <widget_type>
                        <value>attribute</value>
                    </widget_type>
                </depends>
                <description>Enable link to search result page for attribute option value</description>
            </attribute_link>
            <template translate="label">
                <label>Template</label>
                <visible>1</visible>
                <type>select</type>
                <values>
                    <default translate="label">
                        <value>icotheme/widgetproducts/default.phtml</value>
                        <label>Default</label>
                    </default>
                    <deal_product translate="label">
                        <value>icotheme/widgetproducts/deal.phtml</value>
                        <label>Deal</label>
                    </deal_product>
                </values>
            </template>
            <labels translate="label">
                <label>Custom Labels</label>
                <visible>1</visible>
                <type>text</type>
                <depends>
                    <widget_type>
                        <value>product</value>
                    </widget_type>
                    <widget_tab>
                        <values>
                            <categories>categories</categories>
                            <collections>collections</collections>
                        </values>
                    </widget_tab>
                </depends>
                <description>Separator by: ||</description>
            </labels>
            <limit translate="label">
                <label>Limit</label>
                <visible>1</visible>
                <value>10</value>
                <type>text</type>
                <required>1</required>
                <depends>
                    <widget_type>
                        <value>product</value>
                    </widget_type>
                </depends>
                <description>Limit number of products show on widget or tab</description>
            </limit>
            <scroll translate="label">
                <label>Enable Carousel</label>
                <visible>1</visible>
                <value>0</value>
                <type>select</type>
                <source_model>adminhtml/system_config_source_yesno</source_model>
                <description>Enable Carousel</description>
            </scroll>
            <autoplay translate="label">
                <label>Slideshow</label>
                <visible>1</visible>
                <type>text</type>
                <depends>
                    <scroll>
                        <value>1</value>
                    </scroll>
                </depends>
                <description>Change to any integrer for example 5000 to play every 5 seconds. Leave empty to disable
                    autoplay.
                </description>
            </autoplay>
            <paging translate="label">
                <label>Show Paging</label>
                <visible>1</visible>
                <value>0</value>
                <type>select</type>
                <source_model>adminhtml/system_config_source_yesno</source_model>
                <depends>
                    <scroll>
                        <value>1</value>
                    </scroll>
                </depends>
                <description>Show pagination</description>
            </paging>
            <navigation translate="label">
                <label>Show Navigation</label>
                <visible>1</visible>
                <value>0</value>
                <type>select</type>
                <source_model>adminhtml/system_config_source_yesno</source_model>
                <depends>
                    <scroll>
                        <value>1</value>
                    </scroll>
                </depends>
                <description>Show navigation</description>
            </navigation>
            <navigation_prev translate="label">
                <label>Prev Navigation</label>
                <visible>1</visible>
                <type>text</type>
                <depends>
                    <scroll>
                        <value>1</value>
                    </scroll>
                    <navigation>
                        <value>1</value>
                    </navigation>
                </depends>
                <description>Prev navigation text</description>
            </navigation_prev>
            <navigation_next translate="label">
                <label>Next Navigation</label>
                <visible>1</visible>
                <type>text</type>
                <depends>
                    <scroll>
                        <value>1</value>
                    </scroll>
                    <navigation>
                        <value>1</value>
                    </navigation>
                </depends>
                <description>Next navigation text</description>
            </navigation_next>
            <row translate="label description">
                <label>Rows</label>
                <class>validate-number</class>
                <visible>1</visible>
                <value>1</value>
                <type>text</type>
                <depends>
                    <scroll>
                        <value>1</value>
                    </scroll>
                    <widget_type>
                        <value>product</value>
                    </widget_type>
                </depends>
                <description>Limit number of rows on widget</description>
            </row>
            <column translate="label description">
                <label>Columns</label>
                <class>validate-number</class>
                <visible>1</visible>
                <value>4</value>
                <type>text</type>
                <description>Limit number of items on row</description>
            </column>
            <!--animate translate="label">
                <label>Animate</label>
                <visible>1</visible>
                <type>select</type>
                <source_model>adminhtml/system_config_source_yesno</source_model>
                <description>Browser support: IE 10+, Chrome 4+, Firefox 16+, Safari 4+, Opera 12+</description>
            </animate>
            <animation_preview translate="label">
                <label>Animation Preview</label>
                <visible>1</visible>
                <type>widgetproducts/adminhtml_widget_renderer_animation_preview</type>
                <depends>
                    <animate>
                        <value>1</value>
                    </animate>
                </depends>
            </animation_preview>
            <animation translate="label">
                <label>Animation</label>
                <visible>1</visible>
                <type>select</type>
                <source_model>widgetproducts/widget_source_animate_type</source_model>
                <depends>
                    <animate>
                        <value>1</value>
                    </animate>
                </depends>
            </animation>
            <animation_delay translate="label">
                <label>Animation Delay</label>
                <visible>1</visible>
                <type>text</type>
                <value>200</value>
                <depends>
                    <animate>
                        <value>1</value>
                    </animate>
                </depends>
            </animation_delay>
            <animate_item_selector translate="label">
                <label>Animate Item Selector</label>
                <visible>1</visible>
                <type>text</type>
                <value>.item</value>
                <depends>
                    <animate>
                        <value>1</value>
                    </animate>
                    <scroll>
                        <value>0</value>
                    </scroll>
                </depends>
            </animate_item_selector-->
        </parameters>
    </widgetproducts>
</widgets>
